Department,Product,amountBought
"meat seafood","Ground Turkey Breast",247124
"meat seafood","Boneless Skinless Chicken Breast",188389
"meat seafood","Uncured Hickory Smoked Sunday Bacon",180150
"meat seafood","Organic Beef Hot Dogs",160686
"meat seafood","Air Chilled Organic Boneless Skinless Chicken Breasts",146680
"meat seafood","Organic Turkey Bacon",143270
"meat seafood","Tilapia Filet",133674
"meat seafood","Natural Chicken & Sage Breakfast Sausage",129157
"meat seafood","Organic Chicken & Apple Sausage",128169
"meat seafood","Organic Beef Uncured Hot Dogs",121443
"meat seafood","Organic Sunday Bacon",117285
"meat seafood","85% Lean Ground Beef",103030
"meat seafood","Organic Boneless Skinless Chicken Breast",86323
"meat seafood","Boneless Skinless Chicken Thighs",86125
"meat seafood","Organic Chicken Thighs",67537
"meat seafood","93% Ground Beef",65073
"meat seafood","Grilled Chicken Breast Strips",64336
"meat seafood","Applewood Smoked Bacon",60400
"meat seafood","Mild Italian Chicken Sausage",59605
"meat seafood","90% Lean Ground Beef",59201
"meat seafood","Boneless Skinless Chicken Breast Fillets",57785
"meat seafood","Chicken & Apple Breakfast Sausage",55310
"meat seafood","Beef Franks",55107
"meat seafood","Boneless And Skinless Chicken Breast",52651
"meat seafood","Ground Buffalo",50710
"meat seafood","Uncured Beef Hot Dogs",50154
"meat seafood","Organic Air Chilled Whole Chicken",50059
"meat seafood","Turkey Bacon",45393
"meat seafood","Hardwood SmokedCenter Cut Original Bacon",45197
"meat seafood","80% Lean Ground Beef",44206
"meat seafood","Chicken & Apple Smoked Chicken Sausage",43126
"meat seafood","Grass Fed Ground Beef",41239
"meat seafood","Organic Turkey Hot Dogs",40874
"meat seafood","Low Sodium Bacon",40300
"meat seafood","Lean Ground Turky",40223
"meat seafood","Gluteen Free Center Cut Applewood Smoked Uncured Bacon",40213
"meat seafood","Uncured, No Sugar, Hickory Smoked Bacon",39519
"meat seafood","Hardwood Smoked Bacon",37809
"meat seafood","Smoked Salmon",36581
"meat seafood","Organic Apple Chicken Sausage",35417
"meat seafood","Fresh Whole Chicken",34150
"meat seafood","Beef Skirt Steak",33327
"meat seafood","Smok Cured Turkey Bacon",32686
"meat seafood","Boneless Beef Chuck Roast",31407
"meat seafood","Organic 90% Ground Beef",31372
"meat seafood","Dry Rubbed Thick Sliced Pork Bacon",31335
"meat seafood","Organic Ground Turkey",31057
"meat seafood","Sweet Italian Chicken Sausage",30596
"meat seafood","Coho Salmon",30128
"meat seafood","Ground Turkey",30093
"meat seafood","Uncured Hickory Smoked Bacon",28858
"meat seafood","Extralean Ground Turkey Breast",28756
"meat seafood","Hearty Thick Cut Bacon",28291
"meat seafood","Ground Chicken Breast",27484
"meat seafood","Boneless Beef Sirloin Steak",26966
"meat seafood","Wild Caught Frozen Sockeye Salmon Fillet",26655
"meat seafood","Fresh Ground Turkey",26217
"meat seafood","Chicken Tenders",25624
"meat seafood","Organic Spinach & Feta Dinner Sausage",24998
"meat seafood","Wild Sockeye Salmon",24945
"meat seafood","Smoked Apple Sage Sausages",24922
"meat seafood","Turkey Store Lean Ground Turkey",24442
"meat seafood","Chicken Thighs",24287
"meat seafood","Chicken Breast Cutlets",23322
"meat seafood","Boneless Chicken Breast",23200
"meat seafood","Pork Chorizo",23061
"meat seafood","Flank Steak",22458
"meat seafood","Turkey Franks",22052
"meat seafood","Beef Loin New York Strip Steak",21868
"meat seafood","Pork Breakfast Sausage",21784
"meat seafood","Traditional Scottish Style Smoked Salmon",21162
"meat seafood","Naturally Hickory Smoked Thick Cut Bacon",19999
"meat seafood","Jumbo Veggie Protein Smart Dogs Links",19801
"meat seafood","Regular Pork Sausage Tube",19516
"meat seafood","Smoked Fresh Turkey Kielbasa",18991
"meat seafood","Chicken Breast Tenders",18632
"meat seafood","Chicken Drumsticks",17761
"meat seafood","Chicken Apple Sausage",17542
"meat seafood","Bun Length Beef Franks",17492
"meat seafood",Wieners,17395
"meat seafood","Thick Cut Bacon",16952
"meat seafood","Fully Cooked Original Bacon",16893
"meat seafood","Mild Italian Sausage",16441
"meat seafood","Natural Hickory Smoked Canadian Bacon Center Cut From Pork Loin",16150
"meat seafood","Wild Alaskan Sockeye Smoked Salmon",14190
"meat seafood","Natural Uncured Turkey Hot Dog",13938
"meat seafood","Extra Lean Ground Turkey Breast",13875
"meat seafood","Selects Turkey Hot Dogs",13723
"meat seafood","Organic Ground Chicken Breast",13443
"meat seafood","Beef Stew Meat",13249
"meat seafood","Smoked Atlantic Nova Salmon",12949
"meat seafood","Original Breakfast Sausage Links",12815
"meat seafood","The Great Organic Uncured Chicken Hot Dogs",12812
"meat seafood","97% Fat Free Beef Franks",12701
"meat seafood","Jumbo Lump Crab Cake",12694
"meat seafood","Baby Back Pork Ribs",12567
"meat seafood","Peppered Turkey Bacon",12380
"meat seafood","Whole Chicken",12072
"meat seafood","New York Style Nova Lox",12065
"meat seafood","Fresh Tilapia Fillet",12025
"meat seafood","Organic Fire Roasted Red Pepper Dinner Sausage",12005
"meat seafood","Organic Turkey Burgers",11877
"meat seafood","Grilled Chicken Strips",11860
"meat seafood","Organic Chicken Drumsticks",11418
"meat seafood","Fresh Chicken Breast",11338
"meat seafood","Turkey Burger Patties",11310
"meat seafood","Atlantic Salmon Fillets",11304
"meat seafood","Sweet Italian Sausage",11278
"meat seafood","Pacific Cod Fillet",11192
"meat seafood","Organic 85% Ground Beef",11066
"meat seafood","Uncured Applewood Smoked Bacon",10590
"meat seafood","Beef Short Ribs",10483
"meat seafood","Sun Dried Tomato Basil Chicken Sausage",10358
"meat seafood","Polska Kielbasa Sausage",9972
"meat seafood","Grass Fed Beef Stew Meat",9827
"meat seafood","Fully Cooked Turkey Sausage Links",9178
"meat seafood","Vermont Maple Syrup Breakfast Sausage",9020
"meat seafood",Franks,8790
"meat seafood","Hot (101305, 101352) Italian Sausage",8702
"meat seafood","Canadian Bacon, Uncured",8699
"meat seafood","Ground Veal",8670
"meat seafood","Organic Boneless Skinless Chicken Thighs",8526
"meat seafood","Cajun Andouille Smoked Pork Sausage",8507
"meat seafood","Ground Beef",8446
"meat seafood","Smoked Chicken & Apple Mini Sausages",8335
"meat seafood","Beddar with Cheddar Smoked Sausage",8251
"meat seafood","Kosher Reduced Fat Beef Franks",8123
"meat seafood","Rotisserie Chicken",8097
"meat seafood","Club Delight Sausage, Egg, & Cheese Sandwiches",8094
"meat seafood","Italian Style Smoked Chicken Sausage With Mozzarella Cheese",8049
"meat seafood","Hot Roll Sausage",8011
"meat seafood","Beer 'n Bratwurst",7882
"meat seafood","All Natural Chicken Drumsticks",7853
"meat seafood","Premium Sliced Bacon",7815
"meat seafood","Mild Lean Turkey Breakfast Sausage",7799
"meat seafood","Italian Ground Turkey, Lean",7776
"meat seafood","Turkey Smoked Sausage",7753
"meat seafood","Italian Style Chicken Meatballs with Mozarella Cheese",7667
"meat seafood","Original Bacon",7580
"meat seafood","8 Skinless Beef Franks",7519
"meat seafood","Lean Sweet Italian Turkey Sausage",7512
"meat seafood","Andouille  Chicken & Turkey Sausage",7492
"meat seafood","Boneless Pork Loin Chops",7464
"meat seafood","Smoked Sausage",7332
"meat seafood","Classic Pork Links",7321
"meat seafood","Applewood Smoked Center Cut Uncured Bacon",7251
"meat seafood","93% Lean Ground Turkey",7198
"meat seafood","Chicken Wings",7061
"meat seafood","Selects Smoked Uncured Bacon",6959
"meat seafood","Hot Italian Sausage",6728
"meat seafood","Natural Chicken Breast Cutlets",6653
"meat seafood","Buffalo Chicken Wings",6629
"meat seafood","Classic Bacon",6407
"meat seafood","Fresh Lean Ground Turkey",6394
"meat seafood","Microwave Ready Original Bacon",6374
"meat seafood","Ground Chicken",6337
"meat seafood","Atlantic Salmon Fillet",6180
"meat seafood","Ground Pork",6138
"meat seafood","Bun Length Skinless Beef Franks",6113
"meat seafood","Wild Smoked Sockeye Salmon",6081
"meat seafood","Beef Brisket Flat Cut",6059
"meat seafood","Organic Sweet Italian Chicken Sausage",5960
"meat seafood","Fully Cooked Original Pork Sausage Links",5909
"meat seafood","Jumbo Beef Franks",5891
"meat seafood","Oven Roasted Chicken Breast",5865
"meat seafood","Whole Young Chicken",5795
"meat seafood","Cooked Spicy Italian Sausage",5751
"meat seafood","Fully Cooked Turkey Sausage Patties",5649
"meat seafood","Apple & Gouda Cheese Chicken Sausage",5607
"meat seafood","Naturally Smoked Sliced Bacon",5592
"meat seafood","Hot Italian, Lean Turkey Sausage",5553
"meat seafood","Lean Ground Beef",5498
"meat seafood","Ground Pork, Extra Lean, 4% Fat",5461
"meat seafood","Naturally Hickory Smoked Hometown Original Bacon",5445
"meat seafood","Organic Whole Fryer Chicken",5339
"meat seafood","Fresh Chicken Thighs",5319
"meat seafood","Smoked Scottish Salmon",5159
"meat seafood","Double Smoked Uncured Center Cut Bacon",5137
"meat seafood","Grass-fed 90% Ground Beef",5110
"meat seafood","Natural Boneless Skinless Chicken Thighs",5109
"meat seafood","Sweet Italian Pork Sausage",5109
"meat seafood","Beef Polska Kielbasa",5085
"meat seafood","Blue Tilapia Fillets",5056
"meat seafood","Natural Choice Original Uncured Bacon",5021
"meat seafood","Hardwood Smoked Lower Sodium Bacon",5011
"meat seafood","Beef Tenderloin Steak",4987
"meat seafood","Boneless Beef Top Sirloin Steak",4984
"meat seafood","Fresh Chicken Drumsticks",4873
"meat seafood","Bone In Beef Rib Steak",4838
"meat seafood","All Natural Regular Pork Sausage",4787
"meat seafood","Grass Fed Angus Ground Beef 93/7",4777
"meat seafood","Taco Seasoned Ground Turkey",4741
"meat seafood","Maple Uncured Center Cut Bacon",4674
"meat seafood","Classic Smoked Ham Steaks",4654
"meat seafood","Kosher Chicken Thighs",4646
"meat seafood","Fresh 99% Lean Ground Turkey",4513
"meat seafood","Pulled Pork",4471
"meat seafood","Original Chicken Breast Nuggets",4454
"meat seafood","Bratwurst Sausage",4420
"meat seafood","Naturally Smoked Trout Fillet",4369
"meat seafood","Air Chilled Chicken Drumsticks",4277
"meat seafood","Chicken Sausage Apple",4277
"meat seafood","Uncured Beef Franks",4256
"meat seafood","Cooked Classic Italian Sausage",4233
"meat seafood","Chicken Wings Family Pack",4192
"meat seafood","Beef Top Round Steak",4183
"meat seafood","Beef Ribeye",4102
"meat seafood","Original Fully Cooked Pork Sausage Patties",4054
"meat seafood","Beef Lit'l Smokies",4004
"meat seafood","Spicy Italian Uncured Sausage",3964
"meat seafood","Premium Pork Sage Sausage",3945
"meat seafood","Smoked Beef Rope Sausage",3944
"meat seafood","Sweet Italian Sasuage",3936
"meat seafood","Original Pork Loin Filet",3932
"meat seafood","Applewood Thick Cut Bacon",3913
"meat seafood","Everyday Original Turkey Bacon",3905
"meat seafood","All Natural Ground Chicken",3879
"meat seafood","Organic Hot Italian Chicken Sausage",3864
"meat seafood","Turkey Breakfast Sausage Links",3848
"meat seafood","Littleneck Clams",3844
"meat seafood","Smoked Turkey Sausage and Cheddar Cheese",3835
"meat seafood","Habanero & Green Chile Smoked Chicken Sausage",3821
"meat seafood","Big Apple Uncured Hot Dogs",3770
"meat seafood","Original Patties (100965) 12 Oz Breakfast",3748
"meat seafood","Chicken Thigh",3716
"meat seafood","Premium Beef Franks",3697
"meat seafood","Air Chilled Chicken Thighs",3695
"meat seafood","Fresh Ground Turkey Breast",3614
"meat seafood","Bun Size Franks made with Pork & Chicken",3610
"meat seafood","Sliced Smoked Atlantic Nova Salmon",3536
"meat seafood","Nova Smoked Atlantic Salmon",3502
"meat seafood","Fresh Atlantic Salmon Fillet",3492
"meat seafood","Parmesan Beef Meatballs",3405
"meat seafood","Boneless & Skinless Chicken Breast",3384
"meat seafood","Apple & Maple Chicken Mini Links",3320
"meat seafood","Bone In Pork Loin Chops",3309
"meat seafood","Lit'l Smokies Smoked Sausage",3296
"meat seafood","Fresh Boneless Skinless Chicken Breasts",3283
"meat seafood","Dinosaur Shapes Chicken Breast Nuggets",3279
"meat seafood","Pork Tenderloin",3264
"meat seafood","Bacon Cheddar Beef Burger",3252
"meat seafood","Black Label Center Cut Bacon",3248
"meat seafood","Boneless Pork Shoulder Butt",3241
"meat seafood","Fresh Tilapia Fillets",3234
"meat seafood","Beef Franks 8 Count",3208
"meat seafood","Lamb Shoulder Chop",3192
"meat seafood","Jumbo Franks",3182
"meat seafood","Rainbow Trout Fillet",3149
"meat seafood","Classic Cheese Dogs",3119
"meat seafood","Boneless Pork Loin Roast",3105
"meat seafood","Lamb Rib Chops",3064
"meat seafood","Beef Hot Dogs",3040
"meat seafood","Classic Bun-Length Wieners",3026
"meat seafood","Uncured Bacon",2975
"meat seafood","Lobster Tails",2966
"meat seafood","Italian Herb Porcini Mushrooms Chicken Sausage",2916
"meat seafood","Roasted Garlic & Gruyere Cheese Smoked Chicken Sausage",2906
"meat seafood","Organic Drumsticks",2850
"meat seafood","Meat & Cheese Tray",2831
"meat seafood","Organic Chicken Nuggets",2822
"meat seafood","Organic Boneless Skinless Chicken Breasts",2785
"meat seafood","Sliced Bacon",2779
"meat seafood","Naturally Hickory Smoked Bacon",2741
"meat seafood","Center Cut Thick Sliced Bacon",2723
"meat seafood","Beef Chorizo",2705
"meat seafood","Applewood Bacon",2690
"meat seafood","Fearless Uncured Beef Franks",2669
"meat seafood","Boneless & Skinless Chicken Breasts",2649
"meat seafood","Sausage, Chorizo",2645
"meat seafood","Chorizo Pork",2641
"meat seafood","Organic Grass-Fed Ground Beef 85/15",2607
"meat seafood","Split Chicken Breast",2605
"meat seafood","Organic Fully Cooked Chicken & Apple Sausage",2560
"meat seafood","Chicken Franks",2554
"meat seafood","Tilapia Fillet",2553
"meat seafood","Stadium Style Cooked Bratwurst",2548
"meat seafood","Organic Spinach & Feta Chicken Sausage",2547
"meat seafood","Smoked Ham Shanks",2489
"meat seafood","Wild Cherrywood Smoked Uncured Bacon",2473
"meat seafood","Jumbo Turkey Franks",2468
"meat seafood","Chicken Breast Tenderloins",2466
"meat seafood","Pork Loin Tenderloin",2461
"meat seafood","Hardwood Smoked Honey Cured Thick Sliced Bacon",2452
"meat seafood","Turkey Fully Cooked Breakfast Sausage 12 Links",2445
"meat seafood","Beef Dinner Franks",2400
"meat seafood","Turkey Burger",2400
"meat seafood","Barolo Salami",2388
"meat seafood","85% Lean, 15% Fat Ground Turkey (013021)",2383
"meat seafood","Honey Roasted Turkey Breast",2375
"meat seafood","Tuna Fillets Ventresca In Olive Oil",2362
"meat seafood","Smoked Mild Alaskan Sockeye Salmon",2361
"meat seafood","Nova Style Atlantic Smoked Salmon",2360
"meat seafood","Thick Bacon",2360
"meat seafood","Uncured Turkey Bacon",2354
"meat seafood","Boneless Skinless Thighs",2316
"meat seafood","Beef Fajitas",2307
"meat seafood","Chicken Breast Grilled Strips",2302
"meat seafood","Jalapeno & Cheddar Smoked Sausage",2298
"meat seafood","All Natural Boneless & Skinless Chicken Breasts Family Pack",2293
"meat seafood","Fit N Easy Ground Chicken Breast",2292
"meat seafood","Whole American Red Snapper",2262
"meat seafood","Spicy Mango With JalapeÃ±o Smoked Chicken Sausage",2222
"meat seafood","Lemon Garlic Pork Loin Filet",2218
"meat seafood","Flake Style Imitation Crab",2203
"meat seafood","93% Lean Ground Beef",2191
"meat seafood","Genoa Salame with White Cheddar Cheese & Toasted Rounds Small Plates",2187
"meat seafood","Grilled And Ready Oven Roasted Diced Chicken Breast",2185
"meat seafood","Authentic Liver Sausage Braunschweiger",2166
"meat seafood","Imitation Crab Flakes",2156
"meat seafood","Maple Bacon",2147
"meat seafood","Beef Summer Sausage",2126
"meat seafood","Hot Link Sausage",2126
"meat seafood","Classic Bun Length Turkey Franks",2123
"meat seafood","Organic Chicken Wings",2119
"meat seafood","All Natural Chicken Tenderloins",2114
"meat seafood","Soy Chorizo Vegetarian",2108
"meat seafood","96% Lean Ground Beef",2082
"meat seafood","Smoked Wild Sockeye Salmon",2075
"meat seafood","Smoked Uncured Kielbasa",2061
"meat seafood","Boneless Skinless Chicken Breasts with Rib Meat",2055
"meat seafood","Smoked Wild Alaskan Coho Salmon",2026
"meat seafood","Stew Meat",2001
"meat seafood","Seasoned & Cooked Pulled White Meat Chicken with Jack Daniel's Barbeque Sauce",1991
"meat seafood","Smoked Andouille Chicken Sausage",1987
"meat seafood",Tenderloins,1968
"meat seafood","Natural Chicken Drumsticks",1922
"meat seafood","Premium Bun Length Beef Franks",1919
"meat seafood","Boneless Ribeye Steak",1917
"meat seafood","Anytime Favorites Hickory Smoked Boneless Ham Steak",1914
"meat seafood","Turkey Skinless Smoked Sausage",1900
"meat seafood","Uncured Cherry Smoked Bacon",1890
"meat seafood","Hardwood Smoked Peppered Thick Sliced Bacon",1890
"meat seafood","Ground Beef 85% Lean",1864
"meat seafood","Thick Slices Canadian Bacon",1857
"meat seafood","Chicken & Apple Breakfast Links",1851
"meat seafood","Turkey Breakfast Sausage Patties",1844
"meat seafood","Original Angus Beef Franks",1827
"meat seafood","Chicken Breast",1807
"meat seafood","Natural Uncured Center Cut Applewood Smoked Bacon",1807
"meat seafood","Original Pork Sausage",1804
"meat seafood","Beef Bratwurst",1782
"meat seafood","Bun Length Franks",1779
"meat seafood","Everyday Fresh 85% Lean Ground Turkey",1774
"meat seafood","Thick Sliced Naturally Hardwood Smoked Bacon",1755
"meat seafood","Smoked Turkey Bacon",1725
"meat seafood","Kiev Breaded Stuffed Chicken Breasts",1724
"meat seafood","Lean, Seasoned Turkey Burger",1723
"meat seafood","Smoked Turkey Sausage",1717
"meat seafood","Imitation Crab Sticks",1703
"meat seafood","Organic Chicken Fingers",1677
"meat seafood","Skinless Boneless Chicken Thighs",1668
"meat seafood","Everyday Thin & Crispy Turkey Bacon",1653
"meat seafood","Sweet Apple Chicken Sausage",1643
"meat seafood","Ground Sirloin Beef",1637
"meat seafood","Sliced Liver Sausage",1626
"meat seafood","Jimmy Dean Fully Cooked Turkey Sausage Crumbles",1603
"meat seafood","Skinless Smoked Sausage",1578
"meat seafood","Turkey Sausage",1572
"meat seafood","Virginia Brand Ham",1565
"meat seafood","The Original Coney Island Natural Casing Beef Frankfurters",1528
"meat seafood","Naturally Smoked Bacon",1526
"meat seafood","Chicken Meatballs Spicy Mango & Jalapeno",1510
"meat seafood","Extra Lean Original Pork Tenderloin",1504
"meat seafood",Andouille,1499
"meat seafood","Spruce Point Smoked Salmon",1498
"meat seafood","Breast Tenders",1489
"meat seafood","Andouille Sausage",1489
"meat seafood","Sausage Smoked Sweet German Brand",1479
"meat seafood","85% Ground Beef Patties",1466
"meat seafood","Sweet Italian Style Chicken Sausage",1465
"meat seafood","Peppered Smoked Wild Mackerel",1445
"meat seafood","Watermelon Luau Bowl",1440
"meat seafood","Center Cut Bacon",1440
"meat seafood","Oven Ready Boneless with Gravy Packet Turkey Breast",1438
"meat seafood","Polish Kielbasa",1432
"meat seafood","Chicken Sriracha Bar",1417
"meat seafood","Organic Chicken Breast",1389
"meat seafood","Hot Italian Chicken Sausage",1385
"meat seafood","Organic Breaded Chicken Breast Nuggets",1380
"meat seafood","Roasted Garlic Chicken Sausage",1379
"meat seafood","Wild Caught Sockeye Salmon Fillets",1373
"meat seafood","Fully Cooked Breakfast Sausage Original Recipe",1358
"meat seafood","Uncured Summer Sausage",1345
"meat seafood","Chicken Party Wings",1336
"meat seafood","Grilled Italian Style Carved Chicken Breast",1329
"meat seafood","Natural Good Morning Bacon",1311
"meat seafood","Boneless Beef Stew",1310
"meat seafood","Boneless Breast Meat Turkey Breast Roast",1309
"meat seafood","Smoked Gourmet Chorizo Chicken Sausage",1304
"meat seafood","Jumbo Restaurant Style Beef Franks",1299
"meat seafood","Beef Eye Of Round Steak",1298
"meat seafood","Prosciutto Panino",1291
"meat seafood","Organic Sweet Basil And Roasted Garlic Smoked Sausage",1289
"meat seafood","Young Chicken",1271
"meat seafood","Uncured Sliced Bacon",1269
"meat seafood","Breakfast Links Maple & Smoked Bacon Smoked Chicken Sausage",1267
"meat seafood","Whole Chicken Fryer",1251
"meat seafood","Cooked Beer Bratwurst",1249
"meat seafood","Fresh Pork Spareribs",1227
"meat seafood","Fresh Ground Chicken Breast",1223
"meat seafood","Lamb Shank",1194
"meat seafood","Tuna Steaks",1185
"meat seafood","Apple Gouda Uncured Sausage",1177
"meat seafood","Applewood Smoked Uncured Bacon",1165
"meat seafood","Sun-Dried Tomato with Mozzarella Cheese Smoked Chicken Sausage",1133
"meat seafood","Beer Bratwurst",1118
"meat seafood","Lower Sodium Bacon",1118
"meat seafood","Chicken Sausage, Smoked, Pineapple & Bacon",1094
"meat seafood","Chicken Leg Quarters",1084
"meat seafood","Rib Eye Steak",1072
"meat seafood","Sliced Canadian Bacon",1070
"meat seafood","Wild Sea Sardines In Olive Oil",1059
"meat seafood","Thick Sliced Canadian, Bacon Natural Hickory Smoked",1053
"meat seafood","Rib Bone",1050
"meat seafood","Ground Chuck",1048
"meat seafood","Small Lamb Loin Chops",1034
"meat seafood","Vegan Meat Loaf",1030
"meat seafood","Supremo Pork Chorizo 12 Oz.",1026
"meat seafood","Boneless Center Cut Pork Loin Chops",1016
"meat seafood","Wild Mackerel Fillet",1010
"meat seafood","Ground Bison, 90/10",999
"meat seafood","Classic Smoked Salmon",989
"meat seafood","Herring In Wine Sauce",967
"meat seafood","Whiskey Salame",960
"meat seafood","Season and Cooked Pulled Beef",947
"meat seafood",Talapia,941
"meat seafood","Crab Delights Imitation Flake Style Crab Meat",941
"meat seafood","Polska Kielbasa",940
"meat seafood","Italian Style Roast Beef",937
"meat seafood","Country Mild Premium Pork Sausage",934
"meat seafood","Meatless Country Potato Sausage",929
"meat seafood","Smoked Mussels",928
"meat seafood","85% Lean Ground Turkey",926
"meat seafood","Meatballs Italian",923
"meat seafood","Imitation Crab, Leg Style",918
"meat seafood","Boneless Pork Chop",909
"meat seafood","Breakfast Sausage",894
"meat seafood","Cheddar Holiday Promo Brats",888
"meat seafood","Hot Calabrese Salame with Natural Gouda Cheese & Toasted Rounds Small Plates",887
"meat seafood",Linguica,886
"meat seafood","Pork Shoulder Roast",879
"meat seafood","Chicken & Apple Sausage",870
"meat seafood","Smoked White Turkey Franks",863
"meat seafood","Smoked Turkey Drumsticks",860
"meat seafood","Hickory Smoked Classic Cut Bacon",856
"meat seafood","Deep Applewood Smoked Thick Sliced Bacon",855
"meat seafood","Beef Quarter Pound 4 Ct Franks",852
"meat seafood","Beef For Stew",851
"meat seafood","Lit'l Smokies Turkey Smoked Sausage",851
"meat seafood","No MSG Cheddar Wurst Smoked Sausage with Wisconsin Cheese",846
"meat seafood","Naturally Hickory Smoked Lower Sodium Bacon",843
"meat seafood","All Natural Mexican Chorizo",840
"meat seafood","Diced Ham",839
"meat seafood","Grass Fed Ground Lamb",838
"meat seafood","Sausage, Hot Link, Louisiana Brand",834
"meat seafood","Chicken Sausage 3 Cheese Italian Style",826
"meat seafood","Lite Polska Kielbasa",826
"meat seafood","Breakfast Apple Maple Chicken Sausage",822
"meat seafood","Cordon Bleu Stuffed Chicken Breasts",819
"meat seafood","Herring in Dill Marinade",816
"meat seafood","Bone In Chicken Breast",813
"meat seafood","Smoked Nova Salmon",806
"meat seafood","Boneless Duck Breast",804
"meat seafood","Italian Style Boneless Skinless Chicken Breasts",798
"meat seafood","Southwestern Style Carved Chicken Breast",797
"meat seafood",Kielbasa,794
"meat seafood","Beef Polish Sausage",793
"meat seafood","Chicken Kabob",792
"meat seafood","Lemon Pepper Chicken Breast",788
"meat seafood","Polish Beef Sausage",786
"meat seafood","All Natural Fresh Chicken Thighs",784
"meat seafood","Skirt Steak",783
"meat seafood","Ground Beef Patties",779
"meat seafood","Smoked Turkey Drums",775
"meat seafood","Sausage, Kielbasa, Polish",763
"meat seafood","Spicy JalapeÃ±o Chicken Sausage",763
"meat seafood","Pork Loin Back Ribs",759
"meat seafood","Organic Uncured Chicken Franks",758
"meat seafood","Thick Cut Naturally Smoked Sliced Bacon",755
"meat seafood","Uncured Hickory Smoked Pepper Bacon",755
"meat seafood","Pulled Pork with Barbecue Sauce",752
"meat seafood","Alaskan Sockeye Smoked Salmon",749
"meat seafood","Seasoned Cooked & Sliced Beef Brisket with Jack Daniel's Glaze",735
"meat seafood","Kosher Chicken Thigh",735
"meat seafood",Bratwurst,735
"meat seafood","Beef Loin Porterhouse Steak",727
"meat seafood","Beef Hot Links Beef Smoked Sausage With Chile Peppers",724
"meat seafood","Pork Butt Roast",722
"meat seafood","Organic Kale Balsamic Chicken Sausage",719
"meat seafood","Boneless Beef Short Ribs",712
"meat seafood","Chicken Dumplings",709
"meat seafood","Air Chilled Boneless Chicken Breast",701
"meat seafood","Gluten Free Corn Dogs",699
"meat seafood","Turkey Polska Kielbasa",690
"meat seafood","Beef Inside Skirt Steak",689
"meat seafood","Polksa Kielbasa",689
"meat seafood","Lamb Shoulder Chops",684
"meat seafood","Fancy Shredded Colby Jack Cheese",680
"meat seafood","Ham Steak",661
"meat seafood","Simply Smart Olive Oil & Rosemary Chicken Strips",656
"meat seafood","Natural Casing Old Fashion Wieners",651
"meat seafood","Fully Cooked Bacon",648
"meat seafood","Beef Eye Round Roast",647
"meat seafood","Turkey Bacon 50% less fat",645
"meat seafood","Naturally Hardwood Smoked Bacon",644
"meat seafood","Fully Cooked Maple Sausages 10 Count",643
"meat seafood","Apple Cinnamon Uncured Breakfast Sausage",642
"meat seafood","Raw Shrimp 41-50",637
"meat seafood","Jimmy Dean Fully Cooked Original Pork Sausage Crumbles",635
"meat seafood","Smoked Polish Sausage",632
"meat seafood","Beef Chuck Roast Boneless",630
"meat seafood",Shrimp,624
"meat seafood","Honey 1/2 Ham Boneless",620
"meat seafood","Turkey Tenderloins",619
"meat seafood","Ground Lamb",616
"meat seafood","Pork Baby Back Ribs",614
"meat seafood","Thin Sliced Chicken Breast",614
"meat seafood","Beef Smoked Sausage",606
"meat seafood","Spinach & Feta Chicken Sausage",602
"meat seafood","Bbq Babyback Pork Ribs",596
"meat seafood","Cajun-Style Andouille Chicken Sausage",594
"meat seafood","Roasted Red Pepper And Garlic Chicken Sausage",585
"meat seafood","Cornish Game Hen",584
"meat seafood","Barbecue Pulled Pork",573
"meat seafood","Fully Cooked Calabrese Italian Pork Sausage",568
"meat seafood","Angus Roast Beef",568
"meat seafood","Chicken Sausage Cilantro Lime",567
"meat seafood","Natural Choice Uncured Hard Salami Gluten Free",565
"meat seafood","Bratwurst Smoked Beef",562
"meat seafood","Bone In Chicken Thighs",562
"meat seafood","The Great Organic Uncured Stadium Beef Hot Dog",561
"meat seafood","Pineapple Sausage",560
"meat seafood","Beef Mini Bagel Dogs",560
"meat seafood","Wild Caught Raw Shrimp",559
"meat seafood","JV Polish Kielbasa Sausage",551
"meat seafood","Boneless Veal Stew Meat",551
"meat seafood","Sausage, Smoked Chicken, Organic, Spinach & Feta",550
"meat seafood","Summer Sausage",548
"meat seafood","Ground 80% Patties 10/10",546
"meat seafood","Pork Chops",540
"meat seafood","Uncured Pork & Beef Fearless Franks",538
"meat seafood","Ground Round 85% Lean",537
"meat seafood","Sliced Canadian Style Bacon",533
"meat seafood","Smoked Ham Off The Bone",523
"meat seafood","Fully Cooked Boneless Ribs in Sweet Hickory Sauce",521
"meat seafood","Uncured Applewood Smoked Ham",520
"meat seafood","British Style Bangers",512
"meat seafood","Scandinavian Style Gravlax",511
"meat seafood","Fresh Ground Turkey, 85% Lean/15% Fat",510
"meat seafood","Beef Stew Meat Value Pack",509
"meat seafood","Smoked Lox Style Wild Sockeye Salmon",506
"meat seafood","Boneless Pork Chops",505
"meat seafood","Ground Bison",503
"meat seafood","Salmon Pinwheels",501
"meat seafood","Usda Prime Beef Top Sirloin Steak",498
"meat seafood","Alderwood Smoked Cracked Pepper Salmon",496
"meat seafood","Sugar Free Dry Rub Bacon",487
"meat seafood","Echo Falls Lemon Pepper Wild Alaska Sockeye Smoked Salmon",487
"meat seafood","Portobello & Swiss Cheese Smoked Chicken Sausage",486
"meat seafood","Beef Wieners",486
"meat seafood","Beef Frankfurters",483
"meat seafood","Ground Sirloin 90/10",483
"meat seafood","Lobster Tail",481
"meat seafood","Turkey Ham",479
"meat seafood","Corned Beef Brisket",470
"meat seafood","Traditional Fried Pork Skins",467
"meat seafood","Fully Cooked Bacon 15 Slices",466
"meat seafood","Buffalo Style Chicken Breast",464
"meat seafood","Atlantic Salmon",462
"meat seafood","85% Lean Natural Ground Beef",462
"meat seafood","Scotch Reserve Scottish Smoked Salmon",460
"meat seafood","Fruitwood Smoked Uncured Bacon",453
"meat seafood","Apple Chardonnay Chicken Sausage",452
"meat seafood","Jumbo Wieners",450
"meat seafood","Jalapeno Smoked Sausage",447
"meat seafood","Chopped Chicken Liver",440
"meat seafood","Hot Smoked Sausage",440
"meat seafood","Beef Soup Bones",438
"meat seafood","Herring in Cream Sauce",438
"meat seafood","Thick Cut Bone In Smoked Pork Chops",432
"meat seafood","Pork Loin Original",432
"meat seafood","Coconut Shrimp",425
"meat seafood","Ground Turkey Patties",424
"meat seafood",Tilapia,424
"meat seafood","Baked Chicken Meatballs",417
"meat seafood","Antibiotic Free, Hormone Free, Vegetarian Fed, Fearless Beef Franks",417
"meat seafood","Abruzzese Italian Meatball",412
"meat seafood","Cured Salt Pork",410
"meat seafood","Smoked Fully Cooked Bratwurst",409
"meat seafood","Claw Crab Meat",407
"meat seafood","Chicken Breast Kabob",406
"meat seafood","Maple Sausage Links",404
"meat seafood","Sausage, Garlic",403
"meat seafood","All Natural Chicken Livers",403
"meat seafood","Kosher Ground Beef",401
"meat seafood","Bacon Wrapped Scallops",400
"meat seafood","Tenderloin Jennie O Turkey",399
"meat seafood","Natural Basil Pesto with Romano Cheese Sausage",396
"meat seafood","Bay Scallops",390
"meat seafood","Yellowfin Tuna Steak",388
"meat seafood","Smoked Turkey Wings",385
"meat seafood","Maple Flavored Links Pork Sausage",383
"meat seafood","Cod Fillet",379
"meat seafood","Deli Snackers Turkey Breast/Bacon Pieces/Colby & Monterey Jack Cheese Portable Protein Pack",373
"meat seafood","Great Dogs Original Chicken Hot Dogs Bun Size",373
"meat seafood","Red Wine Salami, Chianti",371
"meat seafood","Every Day Original Fully Cooked Turkey Bacon",366
"meat seafood","Buffalo Chicken Breast",364
"meat seafood","Traditional Rope Hung Smoked Scottish Salmon",363
"meat seafood","Boneless & Skinless Chicken Thighs",361
"meat seafood","Organic Chicken Sausage Spicy Cajun",361
"meat seafood","Microwave Ready  Bacon, Lower Sodium",360
"meat seafood","Split Chicken Breast With Ribs",360
"meat seafood","Cod Fillets",359
"meat seafood","Red Pepper Hot Links Sausage",358
"meat seafood","Lean Beef Franks",357
"meat seafood","Original BBQ Baby Back Pork Ribs",357
"meat seafood",Braunschweiger,354
"meat seafood","Original Pork Sausage Patties",352
"meat seafood","Organic Boneless & Skinless Chicken Thighs",349
"meat seafood","Habanero & Green Chile Chicken Meatballls",347
"meat seafood","Turkey Drumsticks",345
"meat seafood","Organic Chicken",344
"meat seafood","Beef Rib Roast",336
"meat seafood","Oven Roasted Sliced Turkey Breast",335
"meat seafood","Thin Pork Loin Chops",326
"meat seafood","Pepperoni Chub",326
"meat seafood","Fresh Salmon Fillet",324
"meat seafood","Hardwood Bacon",324
"meat seafood","Farmland Hickory Smoked Bacon 24oz",322
"meat seafood","Angus Beef Homestyle Meatballs",321
"meat seafood","Seasoned Shredded Beef in Original BBQ Sauce",321
"meat seafood","Ham Steak, Boneless, Honey Cured",320
"meat seafood","Chicken Kiev",318
"meat seafood","Beef Cocktail Frankfurters",317
"meat seafood","Crab Classic Chunk",314
"meat seafood","Angus Beef Franks",314
"meat seafood","Beef Brisket",313
"meat seafood","All Natural Chicken Sausage Roasted Pepper & Asiago",310
"meat seafood","Beef Chuck Steak Boneless",309
"meat seafood","Hot Links",308
"meat seafood","Sweet & Sour Chicken Meatballs",301
"meat seafood","Beef Oxtails",300
"meat seafood","Lemon Pepper & Garlic Smoked Fillet Trout",300
"meat seafood","Maple Flavored Bacon",299
"meat seafood","Chicken Drummettes",298
"meat seafood","All Natural Fresh Chicken Wings",295
"meat seafood","Guinness Beer Brats",293
"meat seafood","Fresh Chicken Wings",290
"meat seafood","F/C Turkey Patties",288
"meat seafood","Teriyaki Salmon Burger",288
"meat seafood","Wild Alaskan Salmon Sockeye Salmon Gravlox",285
"meat seafood","Genoa Salame",284
"meat seafood","Chicken Drumsticks Family Pack",284
"meat seafood","Maple Glazed Honey Coat Cured Turkey Breast",280
"meat seafood","Ground Hot Italian Sausage",280
"meat seafood","Selects Hardwood Smoked Uncured Turkey Sausage",271
"meat seafood","Braunschweiger Lunchmeat",271
"meat seafood","Rotisserie Chicken Breast",269
"meat seafood","Fully Cooked Baby Back Ribs With Jack Daniel's Glaze",267
"meat seafood","Original (101442) Summer Sausage",266
"meat seafood","Cooked Jumbo Shrimp",265
"meat seafood","Natural Hickory Smoked Ham Steak",262
"meat seafood","Applewood Smoked Uncured Black Forest Bacon",261
"meat seafood","Kentucky Bourbon Uncured Sausage",260
"meat seafood","Premium Herring Fillet Wine Sauce",257
"meat seafood","Organic Cajun Andouille Sausage",255
"meat seafood","Caprese Chicken Sausage with Mozzarella, Basil & Sun Dried Tomtatoes",254
"meat seafood","Beef (101445) Summer Sausage",249
"meat seafood","Mild Sausage Patties",249
"meat seafood","Smoked Turkey Necks",247
"meat seafood","Uncured Pepper Salami",245
"meat seafood","European Style Smoked Salmon",245
"meat seafood","Golden Hot Dog Buns",245
"meat seafood","Wild Caught Sea Scallops",244
"meat seafood","Maple Breakfast Sausage Links",244
"meat seafood","Turkey Thighs",242
"meat seafood","Uncured Smoked Duck Bacon",242
"meat seafood","Pork Shoulder Butt Roast",241
"meat seafood","Regular Pork Sausage",241
"meat seafood","Naturally Hickory Smoked Butcher's Cut Bacon",240
"meat seafood","95% Fat Free Turkey Franks",237
"meat seafood","Wicked Thai-Style Chicken with Rice & Vegetables Soup",235
"meat seafood","Pork Sausage Links Originals",233
"meat seafood","Beef  Smoked Sausage",229
"meat seafood","Grillers Cheddar Cheese & Bacon Patties 6 Count",228
"meat seafood","Polish Kilbasa",221
"meat seafood","Breaded Chicken Breast Cutlets",220
"meat seafood","Wild Smoked Salmon Classic",219
"meat seafood","Beef Cube Steak",218
"meat seafood","Ahi Tuna",216
"meat seafood","Southwest Turkey Breast",211
"meat seafood","Angus Beef Hot Dogs",211
"meat seafood","Natural Rotisserie Chicken",210
"meat seafood","Mahi Mahi Fillet",208
"meat seafood","Pork Shoulder",206
"meat seafood","Applewood Smoked Premium Bacon",205
"meat seafood","All Natural Chicken Apple Sausage",205
"meat seafood","Sliced Beef Liver",203
"meat seafood","Pork Sausage Zesty Hot Premium Cut",202
"meat seafood","Bistro Style Hot Link Sausage",200
"meat seafood","Traditional Flavor Smoked Salmon",200
"meat seafood","Ribeye Steak",198
"meat seafood","Mahi Mahi",197
"meat seafood","Bone In Turkey Breast",196
"meat seafood","Imitation Crab Legs",196
"meat seafood","Turkey Wings",195
"meat seafood","Simply Smart Lemon & Herb Chicken Strips",195
"meat seafood","Boneless Half Ham",195
"meat seafood","Smoked Wild Keta Peppered Salmon",193
"meat seafood","Country Style Pork Ribs",191
"meat seafood","Gluten Free Ground Breakfast Sausage Meat",190
"meat seafood","Finest Signature Seasoned Beef Frankfurter",185
"meat seafood","Gluten Free  Herb Crusted Fish Fillet",184
"meat seafood","Turkey Bacon, Uncured, Cherrywood Smoked",184
"meat seafood","Lower Fat Chicken Hardwood Smoked Sausage",183
"meat seafood","Polish Sausage",183
"meat seafood","Old Fashioned Natural Weiners",182
"meat seafood","Cooked Bratwurst Sausage",179
"meat seafood","Chicken Patty",176
"meat seafood","Italian Pork Sausage",175
"meat seafood",Bacon,170
"meat seafood","Flat Cut Corned Beef Brisket",170
"meat seafood","Fresh Catfish Fillet",169
"meat seafood","Seafood Mix",167
"meat seafood","Canadian Bacon",165
"meat seafood","Chuck Eye Steak",164
"meat seafood","Rock Cornish Without Giblets Game Hen",164
"meat seafood","Original Cheese Dip",164
"meat seafood","Lamb Chops",164
"meat seafood","Cubed Prosciutto",162
"meat seafood","Uncured Boneless Ham",161
"meat seafood","Marrow Bones",160
"meat seafood","Cold Water Lobster Tail",157
"meat seafood","Chicken Kabobs",154
"meat seafood","Lamb Loin Chops",153
"meat seafood","Bistro Style Polish Sausage",152
"meat seafood","Whiting Fillets",150
"meat seafood","Pasteurized Crab Meat",150
"meat seafood","Pork Sausgae Patties Original",148
"meat seafood","Olsen Pickled Herring",148
"meat seafood","Low Sodium Ham",148
"meat seafood","Wild Alaskan Cod Fillet",148
"meat seafood","Italian Style Breaded Chicken Breast Cutlets",146
"meat seafood","Bistro Beer Bratwurst",146
"meat seafood","Low Sodium Turkey",146
"meat seafood","Alaskan Cod Fillet",144
"meat seafood","Bockwurst Swiss Brand",144
"meat seafood","Uncured Canadian Bacon",141
"meat seafood","Pork Sausage Savory Sage ID 203-PF Rolls",140
"meat seafood","Beef Chuck Short Ribs",139
"meat seafood","Pork Loin Chops",139
"meat seafood","Boneless Chuck Roast",138
"meat seafood",Bockwurst,138
"meat seafood","Natural Casing Beef Frankfurters",137
"meat seafood","Naturally Hardwood Smoked Sausage Made With Pork, Turkey, Beef",136
"meat seafood","Extra Lean Turkey Breast Cutlet",135
"meat seafood","Hearty Beef Franks",133
"meat seafood","Crab Meat Backfin Lump",132
"meat seafood","Maple Breakfast Sausage",132
"meat seafood","Selects Hardwood Smoked Uncured Beef Sausage",130
"meat seafood","Coho Salmon Fillet",129
"meat seafood","Frozen Whole Turkey",128
"meat seafood","Fully Cooked Applewood Smoked Chicken Sausage Patties",128
"meat seafood","Turkey Necks",127
"meat seafood","Ground Sirloin",127
"meat seafood","Chicken Bratwurst With Onions",125
"meat seafood","Minnesota Twins Original Hot Dog",125
"meat seafood","Lamb Stew Meat",125
"meat seafood","Chicken Roasted Red Pepper & Asiago",121
"meat seafood","Catfish Fillet",120
"meat seafood","Organic Chicken Tenders",120
"meat seafood","Original Brown N' Serve Sausage Links",118
"meat seafood","Hardwood Slow Smoked Signature Pulled Pork",117
"meat seafood","Lamb Shanks",116
"meat seafood","Skinless Beef Fankfurters",116
"meat seafood","Garden Vegetable Tempeh Burger",116
"meat seafood","Original Breakfast Sausage",116
"meat seafood","London Broil",115
"meat seafood","Almond Crusted Flounder",115
"meat seafood","Corn Beef Brisket",113
"meat seafood","Thick Cut Cherrywood Smoked Bacon",113
"meat seafood","Smokies Smoked Sausage",112
"meat seafood","Bacon, Uncured Hickory Smoked",112
"meat seafood",Mussels,111
"meat seafood","Andouille Smoked Pork Sausage",110
"meat seafood","Smoked Pork Hocks",109
"meat seafood","Boneless Pork Shoulder",108
"meat seafood","Smoked Bratwurst",108
"meat seafood","Imitation Crabmeat",108
"meat seafood","Rendered Duck Fat",107
"meat seafood","Snow Crab Clusters",107
"meat seafood","Hickory Smoked Bacon",107
"meat seafood","Boneless Lamb For Stew",106
"meat seafood","Chicken Livers",105
"meat seafood","Center Cut Pork Chops",103
"meat seafood","Ham Hock",103
"meat seafood","Young Turkey",100
"meat seafood","Hickory Smoked Boneless Sliced Ham",100
"meat seafood","Fresh Turkey Breast",99
"meat seafood","Selects Italian Herb Uncured Cooked Sausage",98
"meat seafood","Chipotle Mozzarella & Lime Smoked Sausage",98
"meat seafood","Dry Italian Salame",98
"meat seafood","Naturally Smoked Atlantic Salmon",98
"meat seafood","Applewood Uncured Bacon",98
"meat seafood","Smoked Cheddar Beef Franks",97
"meat seafood","Royal Buffet Ham",97
"meat seafood","Premium Herring Fillet Sour Cream",96
"meat seafood","Beef Bone Broth",96
"meat seafood","Salted Cod Fillets",96
"meat seafood","Franks, Beef, Deli Style, Bun Size",96
"meat seafood","Uncured Sopressata",96
"meat seafood","Veal Loin Chop",95
"meat seafood","Duck Bacon",93
"meat seafood","American Craft Smoky Bourbon Smoked Sausage",92
"meat seafood","Pepperoni, Smoked",90
"meat seafood","Baby Back Ribs",90
"meat seafood","Acme Smoked Nova Salmon Brooklyn Classic",88
"meat seafood","Chicken Strips",85
"meat seafood","Whole Cut Up Chicken",85
"meat seafood","Grilling Chorizo Brats",83
"meat seafood","Whole Turkey",83
"meat seafood","Sockeye Salmon Fillet",82
"meat seafood","Sockeye Salmon",82
"meat seafood","Crab Cakes Handmade",81
"meat seafood","Beef Shaved Steak",81
"meat seafood","Chicken Chorizo Sausage",81
"meat seafood","Crab Claw Meat",80
"meat seafood","Cocktail Sausages",80
"meat seafood","Peeled & De-veined Key West Pink Shrimp",79
"meat seafood","Premium Twin Pack Rock Cornish Game Hen",79
"meat seafood","Sliced Ham",78
"meat seafood","Premium Wild-Caught Pink Salmon Lemon Pepper",77
"meat seafood","Summer Sausage Beef Premium",77
"meat seafood","Summer Sausage Original Premium",77
"meat seafood","Lit'l Wieners",76
"meat seafood","Fresh Farmed Tilapia Fillet",75
"meat seafood","Bacon, Beer & Cheddar Bratwurst",75
"meat seafood","St. Louis Style Pork Ribs",73
"meat seafood","Famous 50% Reduced Fat Beef Franks",73
"meat seafood","Whole Cleaned Calamari",72
"meat seafood","Maple Pork Sausage Links",72
"meat seafood","Premium Jumbo Lump Crab Meat",70
"meat seafood","Smoke Roasted Wild Sockeye Asian Sesame Salmon",70
"meat seafood","T Bone Steak",69
"meat seafood","Chicken Wingettes & Drummettes Family Pack",67
"meat seafood","Buffalo Wing Style With Bleu Cheese Bratwurst",67
"meat seafood","Cheese Franks",67
"meat seafood","Ham Off Bone",65
"meat seafood","Salmon Caviar",63
"meat seafood","Fresh Hen Turkey",62
"meat seafood","Fresh Catfish Nuggets",61
"meat seafood","Catfish Fillets",61
"meat seafood","Premium Hardwood Smoked Seasoned Angus Beef Franks",59
"meat seafood","Split Chicken Breasts",59
"meat seafood","Frankfurters, Beef, Colossal",59
"meat seafood","Beef Hot Links",59
"meat seafood","Crispy Alaskan Cod Fillets",58
"meat seafood","Hot Links Sausage",57
"meat seafood","Cajun Flavor Smoked Smoked Salmon Alder Wood Smoked",57
"meat seafood","Lightly Breaded Breast Tenders",57
"meat seafood","Turkey Bacon Bits",57
"meat seafood","Organic Grass Fed Beef",56
"meat seafood",Swordfish,55
"meat seafood","Half Boneless Ham",53
"meat seafood","Duck Leg Confit",52
"meat seafood","Organic Beef Chuck Roast",52
"meat seafood","Flounder Fillets",52
"meat seafood","Turkey Cranberry Sausage",51
"meat seafood","Uncured Thick Cut Bacon",51
"meat seafood","Laird's Special Reserve Smoked Salmon",50
"meat seafood","Top Sirloin Steak",49
"meat seafood","Craft Meats Bacon & Angus Beef Patties",47
"meat seafood","Sriracha Chicken Breast",46
"meat seafood","Turkey Breast Tenderloins",45
"meat seafood","Turkey Breast Cutlet",43
"meat seafood","Gourmet Italian Style Chicken Meatballs",43
"meat seafood","Honey Spiral Half Ham",43
"meat seafood","Catfish Nuggets",39
"meat seafood","Salame, Peppered",39
"meat seafood","Pork Neck Bones",38
"meat seafood","Hardwood Smoked Sliced Bacon",36
"meat seafood","Country Ham Biscuit Slices",35
"meat seafood","Smoked Turkey Tails",35
"meat seafood","Spiral Ham",34
"meat seafood","Bbq Pork Ribs",33
"meat seafood","Lamb Breast Riblets",33
"meat seafood","Grass Fed Ground Beef Patties",32
"meat seafood","Smoke Roasted Wild Sockeye Salmon Apple Brown Sugar",31
"meat seafood","Crab-Flavored Seafood",29
"meat seafood","Pastrami Smoked Salmon",27
"meat seafood","Turkey Chops",26
"meat seafood","Raw White Shrimp",25
"meat seafood","American Craft Jalapeno & Cheddar Smoked Sausage",25
"meat seafood","JalapeÃ±o Seasoned Tuna",18
"meat seafood","Smoked Turkey Drumstick",15
"meat seafood","Peppered Bacon",15
"meat seafood","Duck & Veal Demi Glace",14
"meat seafood","Lite Beef Franks",14
"meat seafood","Angus Beef Smoked Sausage",11
"meat seafood","Fresh Turkey Wings",11
"meat seafood","Cooked Mussel Meats",7
"meat seafood","King Crab Legs",3
