Aisles,Product,amountBought
"cat food care","Grain Free Chicken Formula Cat Food",13826
"cat food care","Grain Free Turkey & Salmon Formula Cat Food",12656
"cat food care","Instant Action Cat Litter",9907
"cat food care","Fancy Feast Wet Classic Chicken Feast Cat Food",7965
"cat food care","Double Duty Advanced Odor Control Clumping Cat Litter",7927
"cat food care","24/7 Performance Cat Litter",7497
"cat food care","Grain Free Turkey Formula Cat Food",6816
"cat food care","Indoor Cat Food",6815
"cat food care","Poultry & Beef Feast Variety Grilled Wet Cat Food",5845
"cat food care","Classic Tender Beef Feast Cat Food",5827
"cat food care","Classic Tender Liver & Chicken Feast Cat Food",5456
"cat food care","24/7 Performance Light Weight Cat Litter",5334
"cat food care","Grilled Chicken Feast in Gravy Cat Food",5177
"cat food care","Super Scoop Instant Clumping Unscented Cat Litter",5053
"cat food care","Grilled Tuna Feast in Gravy Cat Food",5001
"cat food care","Classic Ocean Whitefish & Tuna Feast Cat Food",4783
"cat food care","Fancy Feast Wet Classic Turkey & Giblets Feast Cat Food",4728
"cat food care","Fancy Feast Seafood Feast Variety Classic Wet Cat Food",4510
"cat food care","Savory Salmon",4474
"cat food care","Grain Free Turkey Canned Cat Food",4389
"cat food care","Flaked Tuna Feast Cat Food",4328
"cat food care","Gravy Lovers Chicken Feast Can Cat Food",4253
"cat food care","With Glade Tough Odor Solutions Cat Litter",4162
"cat food care","Cat Treats Temptations Seafood Medley",4031
"cat food care","Food for Cats, Chicken & Herring Formula",3877
"cat food care","Purina Mixed Grill Classic Pate Cat Food",3828
"cat food care","Chunky Chicken Feast Cat Food",3691
"cat food care","Temptations Tasty Chicken Flavor Cat Treats",3526
"cat food care","24/7 Performance Clumping Litter",3426
"cat food care","Original Choice Dry Cat Food",3424
"cat food care","Tender Beef & Liver Feast Classic Wet Cat Food",3407
"cat food care","Classic Seafood Feast Cat Food",3355
"cat food care","Adult Indoor Advantage Cat Food",3306
"cat food care","Classic Tender Beef & Chicken Feast Cat Food",3272
"cat food care","Grilled Salmon Feast in Gravy Cat Food",3239
"cat food care","Temptations Cat Treats - Creamy Dairy",3230
"cat food care","Grilled Turkey Feast in Gravy Cat Food",3219
"cat food care","Classic Cod Sole & Shrimp Feast Cat Food",3191
"cat food care","Liver & Chicken Dinner Classic Pate Cat Food",3151
"cat food care","Fancy Feast Trout Feast Flaked Wet Cat Food",3102
"cat food care","Classic Salmon & Shrimp Feast Cat Food",3102
"cat food care","Flaked Fish & Shrimp Feast Cat Food",2974
"cat food care","Grilled Ocean Whitefish & Tuna Feast in Gravy Cat Food",2967
"cat food care","Salmon Feast in Seared Salmon Flavor Gravy Cat Food",2908
"cat food care","Spot's Stew Dry Cat Food Formula Chicken Recipe",2902
"cat food care","Grilled Seafood Feast Variety Cat Food",2853
"cat food care","Classic Chopped Grill Feast Cat Food",2793
"cat food care","Turkey Feast Cat Food",2762
"cat food care","Spot's Stew Wild Salmon Recipe Cat Food",2724
"cat food care","Chicken & Tuna Feast Flaked Wet Cat Food",2718
"cat food care","Spots Stew Wild Salmon Canned Cat Food",2665
"cat food care","Purina Classic Pate Turkey & Giblets Dinner Cat Food",2616
"cat food care","Salmon Dinner Classic Pate Cat Food",2587
"cat food care","Beef Feast in Roasted Beef Flavor Gravy Cat Food",2580
"cat food care","Proactive Health Indoor Weight & Hairball Care with Chicken Cat Food",2570
"cat food care","Classic Pate Variety Pack Wet Cat Food",2475
"cat food care","Scented Multi-Cat Scoopable Cat Litter",2468
"cat food care","Classic Poultry & Beef Feast Variety Cat Food",2385
"cat food care","Classic Pate Mariner's Catch Cat Food",2384
"cat food care","Ocean Whitefish & Tuna Feast in Sauteed Seafood Flavor Gravy Cat Food",2371
"cat food care","Complete Cat Food",2234
"cat food care","Indoor Delights Cat Food",2233
"cat food care","Natural Beef & Chicken Formula Food for Cats",2197
"cat food care","Turkey Flavor Cat Treats",2191
"cat food care","Multi Cat Scented Scoopable Cat Litter",2181
"cat food care","Cat Litter Deodorizer with Activated Baking Soda",2112
"cat food care","Spot's Stew Chicken Cat Food",2036
"cat food care","Grilled Cheddar & Chicken",2003
"cat food care","Classic Pate Ocean Whitefish & Tuna Dinner Cat Food",1964
"cat food care","Original Maximum Odor Control Cat Litter",1944
"cat food care","Heavy Duty Jumbo Litter Box Liners",1936
"cat food care","Savory Salmon Flavor Cat Treats",1903
"cat food care","Super Scoop Clumping with Odor Eliminating Baking Soda Cat Litter",1898
"cat food care","Multi-Cat Extra Strength Clumping Cat Litter",1870
"cat food care","Prime Filets Chicken & Tuna Dinner in Gravy Cat Food",1855
"cat food care","Grilled Salmon & Shrimp Feast in Gravy Cat Food",1847
"cat food care","Salmon & Sole Feast Cat Food",1840
"cat food care","Instant Action Clumping Litter",1838
"cat food care","Meaty Bits Variety Pack Wet Cat Food",1827
"cat food care","Tasty Chicken Flavor Treats for Cat",1810
"cat food care","Hearty Beef Cat Treats",1801
"cat food care","Chicken Hearts & Liver Feast in Grilled Chicken Flavor Gravy Cat Food",1798
"cat food care","White Meat Chicken Florentine Cat Food",1757
"cat food care","Florentine Collection Cat Food",1727
"cat food care","Chunky Turkey Feast Cat Food",1668
"cat food care","Ocean Whitefish & Tuna in Sauce Prime Filets Wet Cat Food",1638
"cat food care","Purina Prime Filets With Chicken In Gravy Cat Food",1636
"cat food care","Delights With Cheddar Grilled Tuna & Cheddar Cheese Feast In Gravy",1614
"cat food care","Unscented Cat Litter",1601
"cat food care","Grilled Liver & Chicken Feast in Gravy Cat Food",1595
"cat food care","Tuna & Egg Flaked Cat Food",1591
"cat food care","Cat Treats Hair Ball Control Chicken",1584
"cat food care","Classic Pate Poultry Platter Cat Food",1558
"cat food care","Chicken & Salmon Cat Food",1554
"cat food care","Multiple Cat Clumping Formula Cat Litter",1551
"cat food care","Core Turkey & Chicken Liver Canned Cat Food",1529
"cat food care","Surfin' & Turfin' Favorites Cat Food",1525
"cat food care","Chicken Lickin' Chicken Pate with Vegetables Cat Food",1518
"cat food care","Grilled Chicken & Beef Feast in Gravy Cat Food",1509
"cat food care","Crystals Cat Litter",1431
"cat food care","Grilled Beef Feast in Gravy Cat Food",1426
"cat food care","Cat Treats - Savory Salmon",1402
"cat food care","Grilled Turkey & Cheddar Cheese Feast in Gravy Cat Food",1389
"cat food care","Seafood Sensations Cat Food",1367
"cat food care","Poultry & Beef Feast Variety  Cat Food",1359
"cat food care","Tuna Florentine Cat Food",1344
"cat food care","Grilled Seafood Feast in Gravy Cat Food",1334
"cat food care","Extreme Clay Cat Litter",1330
"cat food care","Party Mix Crunch Beachside Cat Treats",1307
"cat food care","Savory Shreds with Beef in Gravy Cat Food",1307
"cat food care","Savory Shreds with Chicken in Gravy Cat Food",1295
"cat food care","Beyond Grain Free Wild Salmon Recipe Wet Cat Food",1281
"cat food care","Chicken Hearts & Liver Feast in Gravy Sliced Wet Cat Food",1254
"cat food care","Spot's Stew For Cats Wild Salmon Recipe",1240
"cat food care","Temptations Cat Treats Tempting Tuna",1238
"cat food care","Classic Broth with Tuna, Shrimp and Whitefish",1232
"cat food care","Seafood Variety Pack Cat Food",1222
"cat food care","Organix Grain Free Chicken PatÃ© Cat Food",1217
"cat food care","Multi-Cat Extra Strength Clumping Unscented Cat Litter",1185
"cat food care","Prime Filets Turkey Dinner In Gravy",1170
"cat food care","Tender Tongol Tuna Cat Food",1167
"cat food care","Flaked Skipjack Tuna Cat Food",1156
"cat food care","Organix Cat Treats",1149
"cat food care","Organix Chicken & Rice Dry Cat Food",1138
"cat food care","Spot's Stew Grain Free Wholesome Chicken Recipe Cat Food",1119
"cat food care","Salmon & Tuna Flavor Cat Food",1090
"cat food care","Wild Salmon Florentine Cat Food",1076
"cat food care","Chicken & Beef Feast in Grilled Chicken Flavor Gravy Cat Food",1072
"cat food care","Clump & Seal Multi-Cat Cat Litter",1072
"cat food care","Sliced Chicken Feast in Gravy Cat Food",1072
"cat food care","Grain Free Minced Chicken Dinner Canned Cat Food",1070
"cat food care","Super Scoop Clumping Fragrance Free Cat Litter",1068
"cat food care","White Meat Chicken Cat Food",1057
"cat food care","Savory Shreds with Ocean Whitefish & Tuna in Sauce Cat Food",1050
"cat food care","Extreme Scoopable Litter Scented",1044
"cat food care","Original Party Mix Catt Treats",1043
"cat food care","Chicken & Salmon Dinner in Gravy Savory Shreds Cat Food",1042
"cat food care","Clump & Seal Fresh Home Cat Litter",1040
"cat food care","Savory Shreds Turkey & Cheese Dinner in Gravy Cat Food",1032
"cat food care","Complete Health Deboned Chicken, Chicken Meal and Rice Cat Food",1012
"cat food care","Dry Cat Food Chicken & Turkey",1006
"cat food care","Savory Shreds with Salmon in Sauce Cat Food",1000
"cat food care","Sliced Salmon Canned Catfood Entree",983
"cat food care","Grain Free Turkey, Sweet Potato & Spinach Recipe in Gravy Cat Food",977
"cat food care","Purina Beyond Natural Cat Food Grain Free Ocean Whitefish & Egg Recipe",967
"cat food care","Multi Cat",966
"cat food care","Original Plus Vitamins & Minerals Cat Food",965
"cat food care","Chicken Liver PatÃ© Canned Cat Food",954
"cat food care","Original Cat Litter",951
"cat food care","Tuna & Crab Meat Entree in Gravy Cat Food",933
"cat food care","Complete Health, Salmon, Salmon Meal and Deboned Turkey Cat Food",933
"cat food care","White Meat Chicken And Shredded Beef Cat Food",930
"cat food care","Cat Litter, Natural, Unscented",915
"cat food care","Non Clumping 24/7 Performance Cat Litter",913
"cat food care","Cat Litter Deodorizer",910
"cat food care","Cat Treats - Mix Ups Catnip Fever",909
"cat food care","With Savory Chicken & Turkey Cat Food",909
"cat food care","Scoopable Scented Clumping Cat Litter",900
"cat food care","Tidy Cats Clumping Litter 4-in-1 Strength Size",900
"cat food care","Salmon and Tuna Formula Dry Cat Food",895
"cat food care","Wholly Cow! Beef Pate and Vegetables Cat Food",884
"cat food care","Seafood Feast Variety Classic Wet Cat Food",883
"cat food care","Meaty Bits with Beef in Gravy Cat Food",868
"cat food care","Premium Turkey Formula Cat Food",850
"cat food care","Marinated Morsels Chicken Feast In Gravy Cat Food",847
"cat food care","Chicken & Gibblets Dinner Pate Canned Cat Food",817
"cat food care","Grain Free Chicken Beef & Carrot Recipe in Gravy Cat Food",809
"cat food care","Grain Free Food for Cats Chicken & Liver Dinner",806
"cat food care","Fragrance Free Clay with Natural Odor Eliminator Cat Litter",801
"cat food care","MixUps Backyard Cookout Cat Treats",781
"cat food care","Tasty Treasures with Turkey & Cheese in Gravy Cat Food",779
"cat food care","Organic Turkey PatÃ© Canned Cat Food",771
"cat food care","Shredded Turkey Fare Cat Food",769
"cat food care","Minced Turkey Entree Cat Food",746
"cat food care","Prime Filets with Salmon & Beef in Sauce Cat Food",739
"cat food care","Classic with Tuna Anchovies & Whitefish Cat Food",739
"cat food care","Turkey & Brown Rice Wet Cat Food",737
"cat food care","Kittles Tuna & Cranberries Recipe Cat Treats",725
"cat food care","Kitten & Adult Select Cuts Chicken Chunks Cat Food",718
"cat food care","Tender Favorites Poultry & Beef Variety Pack Wet Cat Food",712
"cat food care","Classic Broth with Wild Salmon",708
"cat food care","Choice CutsÂ® Poultry Menu Variety Pack",695
"cat food care","Friskies Party Mix Crunch Original Cat Treats",695
"cat food care","Grain Free Salmon & Sweet Potato Recipe in Gravy Cat Food",689
"cat food care","ProActive Health Adult Chicken Dry Cat Food",688
"cat food care","Tasty Treasures with Chicken & Cheese in Gravy Cat Food",664
"cat food care","Odor Shield Scented Scoopable Cat Litter",664
"cat food care","Grilled Tender Beef & Liver Feast in Gravy Cat Food",663
"cat food care","Beyond Natural Cat Food Trout & Catfish Pate",661
"cat food care","Spots Stew Turkey Canned Cat Food",657
"cat food care","White Meat Chicken Primavera Cat Food",656
"cat food care","One Sensitive Systems Adult Cat Food",650
"cat food care","Perfect Portions Chicken Pate",628
"cat food care","Prime Filets Meaty Favorites Variety Pack Cat Food",628
"cat food care","Seabass & Shrimp Cat Food",623
"cat food care","Poultry Variety Pack Cat Food",619
"cat food care","SauceSations Chicken Dinner in Garden Sauce Cat Food",616
"cat food care","Blissful Catnip Flavor (PS #5160666) Cat Care & Treats",608
"cat food care","Elegant Medleys Shredded Tuna Fare",605
"cat food care","Elegant Medleys Primavera Collection with Garden Greens Wet Cat Food",601
"cat food care","Elegant Medleys Shredded White Meat Chicken Fare with Garden Greens in Savory Broth",601
"cat food care","Sea Captain's Choice Classic Pate Cat Food",590
"cat food care","Roasted Turkey Feast Cat Food",585
"cat food care","Core Salmon Whitefish & Herring Canned Cat Food",584
"cat food care","Temptations Turkey Flavor Treats",578
"cat food care","Mix Ups Surfers' Delight (PS #5160628) Cat Care & Treats",577
"cat food care","Gravy Sensations Poultry Favorites Variety Pack Cat Food",569
"cat food care","Grain Free Ocean Whitefish & Spinach Cat Food",568
"cat food care","Clay Cat Litter With Odor Eliminating Carbon",566
"cat food care","Creamy with Tuna & Vegetables Cat Food",561
"cat food care","Flaked Tuna & Mackerel Cat Food",556
"cat food care","Training Treats Real Beef Dog Snacks",554
"cat food care","Seafood Sensations Dry Cat Food",539
"cat food care","Elegant Medleys Tuna Recipe Variety Wet Cat Food",529
"cat food care","Beyond Natural Cat Food White Meat Chicken & Whole Oat Meal Recipe",527
"cat food care","Perfect Portions Premium Pate Poultry",523
"cat food care","Party Mix Crunch Mixed Grill Cat Treats",519
"cat food care","Sliced Beef Feast in Gravy Cat Food",517
"cat food care","ProActive Health Adult Indoor Weight & Hairball Care Dry Cat Food",511
"cat food care","Small Spaces Cat Litter",508
"cat food care","Cat Food, Indoor Health, Adult",507
"cat food care","Kittles Chicken & Cranberries Recipe Cat Treats",506
"cat food care","Healthy Weight Cat Food",504
"cat food care","Shredded Wild Salmon Fare Cat Food",504
"cat food care","Meaty Bits Chicken Dinner in Gravy Cat Food",502
"cat food care","Beyond Grain Free Chicken & Sweet Potato Recipe Pate Cat Food",501
"cat food care","Tasty Chicken Flavor Cat Treat",495
"cat food care","Spot's Stew Wholesome Lamb Recipe Cat Food",489
"cat food care","Lightweight Extreme Scented Cat Litter",488
"cat food care","WhiskasÂ® TemptationsÂ® Seafood Medley Flavor Mega",488
"cat food care","Creamy with Wild Salmon & Whitefish Cat Food",478
"cat food care","Fancy Feast Ocean Fish & Salmon Dry Cat Food",475
"cat food care","Perfect Portions Pate Salmon Entree",474
"cat food care","Tender Centers Salmon & White Meat Chicken Flavors Dry Cat Food",472
"cat food care","Cat Chow Naturals Indoor with Real Chicken & Turkey",468
"cat food care","ProActive Health Adult Original with Chicken Dry Cat Food",466
"cat food care","Roasted Chicken Feast Cat Food",463
"cat food care","Friskies Dry Signature Blend Tender & Crunchy Combo Cat Food",461
"cat food care","Friskies Saucesations Turkey & Giblets Dinner in Homestyle Sauce",458
"cat food care","Sliced Turkey Feast in Gravy Cat Food",453
"cat food care","Premium Pate Wet Cat Food - Chicken Entree",452
"cat food care","Organic Chicken Cat Food",451
"cat food care","Premium Classic Chicken Recipe Cat Food",451
"cat food care","Chicken Canned Kitten Food",447
"cat food care","Chicken & Brown Rice Formula Cat Food",442
"cat food care","Tasty Treasures With Ocean Fish in Sauce",439
"cat food care","Beyond Natural Cat Food Salmon & Whole Brown Rice Recipe",435
"cat food care","Tidy Cats Non-Clumping Litter Instant Action for Multiple Cats",434
"cat food care","SauceSations with Salmon & Tuna in Creamy Sauce Cat Food",432
"cat food care","Hairball Formula Dry Cat",429
"cat food care","Perfect Portions Turkey Pate",428
"cat food care","Organix Grain Free Chicken & Potato Recipe Cat Food",423
"cat food care","Tasty Treasures Cat Food Variety Pack",421
"cat food care","Sliced Chicken Entree Cat Food",416
"cat food care","Tasty Treasure Turkey Dinner in Gravy",411
"cat food care","Super Clump Unscented Cat Litter",403
"cat food care","Perfect Portions Beef Pate Entree",400
"cat food care","Select Tender Chicken with Crisp Carrots & Leafy Spinach Cat Food",399
"cat food care","Super Premium Food for Cats Real Salmon & Brown Rice Recipe",399
"cat food care","Prime Filets with Beef in Gravy Cat Food",397
"cat food care","Party Mix Crunch Picnic Cat Treats",397
"cat food care","Classic PatÃ© Classic Seafood Entree",395
"cat food care","Party Mix Crunch Morning Munch Cat Treats",388
"cat food care","Marinated Morsels Turkey Feast in Gravy Cat Food",386
"cat food care","Classic with Tuna & Vegetables Cat Food",385
"cat food care","Ocean Middles Cat Treats Salmon & Tuna",385
"cat food care","Chicken and Seafood Flavor treat",384
"cat food care","Organix Grain Free Shredded Chicken Cat Food",383
"cat food care","Party Mix Original Flavor Crunch Cat Treats",377
"cat food care","Fancy Feast Broths Classic with Chicken & Vegetables Cat Food",377
"cat food care","Temptations Super Mega Seafood Medley Bag",376
"cat food care","Fancy Feast Cream Broths",366
"cat food care","Elegant Medleys Wild Salmon Primavera Cat Food",362
"cat food care","Clump & Seal Multi Cat",361
"cat food care","Cat Food Purrfect Delights Chicken Dulgence Entree Pate in Gravy",359
"cat food care","Savory Shreds with Whitefish & Sardines in Sauce Cat Food",359
"cat food care","Meaty Pate Super Supper Cat Food",356
"cat food care","Super Mega Savory Salmon Flavor Cat Treat",355
"cat food care","Healthy Indulgence Salmon & Chicken Cat Food",355
"cat food care","Canned Chicken & Brown Rice Formula For Cats",353
"cat food care","Beachside Flavors Party Mix Crunch Cat Treats",347
"cat food care","Tender Favorites Tuna & Whole Shrimp Cat Food",343
"cat food care","Seafood Medley Value Size Stay Fresh Pack",340
"cat food care","With Ocean Fish & Salmon Cat Food",340
"cat food care","Catnip Mice Skitter Critters",339
"cat food care","Tasty Treasures Ocean Fish, Tuna & Cheese in Sauce Cat Food",339
"cat food care","Fancy Feast Appetizers White Meat Chicken & Flaked Tuna Cat Food",338
"cat food care","Adult Hairball Formula Cat Food",326
"cat food care","Minced Turkey Feast in Sauce Cat Food",324
"cat food care","Fancy Feast Filet Mignon with Real Seafood & Shrimp Dry Cat Food",316
"cat food care","Light Weight Instant Action  Litter",315
"cat food care","Creamy Broth with Mackerel & Vegetables Cat Food",314
"cat food care","Purrfect Delicacies Wet Cat Food Variety",313
"cat food care","Premium Pate Wet Cat Food - Salmon Entree",311
"cat food care","Gravy Lovers Poultry & Beef Feast Variety Pack Adult Canned Cat Food",308
"cat food care","Tuna, Herring & Sweet Potato Recipe in Gravy Natural Cat Food",303
"cat food care","Crunchy Tuna Flavor Cat Treats",299
"cat food care","Party Mix Cheezy Craze Crunch Cat Treats",295
"cat food care","Hairball Care with Chicken Cat Food",295
"cat food care","Premium Feast Dinner Cat Food",290
"cat food care","Tidy Cats 24/7 Performance Cat Litter",283
"cat food care","Cat Food PatÃ© in Natural Juices Turkey EntrÃ©e",282
"cat food care","Temptations Mixups Surfers Delight Cat Treats",281
"cat food care","Purina Beyond Natural Cat Food Grain Free Ocean Whitefish and Egg Recipe",280
"cat food care","Nurture Cat Food",274
"cat food care","Perfect Portions Chicken & Tuna Pate",273
"cat food care","Ocean Whitefish",273
"cat food care","Organics Second Generation Grain Free Cat Food",272
"cat food care","Fresh & LightÂ® Quick Action Scented Multi-Cat Scoop Litter Cat Litter",271
"cat food care","Grain Free Tuna Mackerel & Carrot Recipe in Gravy Cat Food",271
"cat food care","Proactive Health Mature Adult Hairball Care Cat Food",264
"cat food care","Pate in Natural Juices Beef Entree",263
"cat food care","Fancy Feast Creamy Chicken & Vegetables Broth Cat Food",262
"cat food care","Fancy Feast Elegant Medleys Yellowfin Tuna Tuscany Cat Food",260
"cat food care","Clump & Seal Lightweight",258
"cat food care","Purina Friskies Tasty Treasures",257
"cat food care","LightWeight 4-in-1 Strength Cat Litter",256
"cat food care","Cheezy Craze Party Mix Cat Treats",256
"cat food care","Grain Free Food for Cats Turkey Dinner",249
"cat food care","Elegant Medleys Whitefish & Shrimp Recipe Cat Food",248
"cat food care","Fancy Feast Classic Cat Food with Chicken Vegetables & Whitefish",244
"cat food care","Ultra Last Clumping Litter",243
"cat food care","Proactive Health Hairball Care Adult Cat Food",240
"cat food care","Surfers' Delight Mix Ups Treats for Cats",237
"cat food care","Beyond Grain Free Chicken Cat Food",236
"cat food care","Tom Cat Turkey Recipe Cat Food",236
"cat food care","Choice Cuts Seafood Selections Wet Cat Food",233
"cat food care","Meaty Bits Variety Pack Cat Food",230
"cat food care","Creamy with Tuna Chicken & Whitefish Cat Food",230
"cat food care","Friskies Savory Shreds Cat Food Variety Pack",229
"cat food care","Cat Concoctions with Lamb in Clam Flavored Sauce Cat Food",228
"cat food care","Turkey Formula Cat Food",224
"cat food care","Friskies Pull 'n Play Tender Strings - Salmon & Shrimp Flavors Cat Treats",222
"cat food care","Purrfect Delights Tunaâ€“Topia Dinner Flaked in Sauce Cat Food",217
"cat food care","Cat Food",216
"cat food care","Morsels Healthy Indulgence With Chicken & Salmon In Savory Sauce And Natural Food for Adult Cats",216
"cat food care","Turkey and Vegetable Formula Cat Food",213
"cat food care","Whisker Lickin's Salmon Flavor Cat Treats",212
"cat food care","Pate With Real Tuna Wet Cat Food",209
"cat food care","Clump & Seal MicroGuard Cat Litter",208
"cat food care","Organic Turkey, Brown Rice & Chicken Adult Wet Cat Food",207
"cat food care","Turkey & White Meat Chicken Recipe Cat Food",205
"cat food care","Chicken Cat Food",205
"cat food care","WhiskasÂ® TemptationsÂ® SUPER Mega Bag Chicken",204
"cat food care","Gourmet Classic Collection Broths",202
"cat food care","Turkey & Vegetable Premium Cat Food",202
"cat food care","Grain Free Chicken Dinner Cat Food",202
"cat food care","Supreme Supper Classic Pate Cat Food",201
"cat food care","Premium Cat Foods Pate Chicken & Liver Entree",201
"cat food care","Turkey Florentine Cat Food",201
"cat food care","Savory Chicken in Gravy Cat Food",195
"cat food care","Saucesations with Beef in Garden Sauce Cat Food",194
"cat food care","Nutrish Chicken And Brown Rice Dry Cat Food",194
"cat food care","Katkit Disposable Tray With Free Cat Litter",193
"cat food care","Fresh & Light Fragrance Free Multi-Cat Scoop Cat Litter",193
"cat food care","Tender Favorites Salmon & Crab Meat in Sauce Wet Cat Food",190
"cat food care","Purrfect Delicacies Multi-pack",189
"cat food care","Shredded Chicken & Chicken Liver Recipe",186
"cat food care","Cat Chow Complete Formula",185
"cat food care","Purrfect Delicacies Wet Cat Food Roasted Chicken & Beef EntrÃ©e in Gravy",184
"cat food care","Adult Urinary Tract Health Formula Cat Food",184
"cat food care","Irresistibles Soft with Real Salmon Cat Treats",182
"cat food care","White Meat Chicken Florentine Pate Cat Food",180
"cat food care","Savory Shreds Variety Pack Cat Food",179
"cat food care","Multi Cat Unscented Scoopable Cat Litter",179
"cat food care","Chicken & Lobster Formula Canned Cat Food",176
"cat food care","Cat Food, Premium, Adult Cat Formula",175
"cat food care","Tasty Treasures Chicken, Tuna & Cheese In Gravy Cat Food",175
"cat food care","Adult Sensitive Systems Cat Food",171
"cat food care","Indoor Saucy Seafood Bake in Sauce Cat Food",170
"cat food care","Healthy Indulgence Turkey & Duck Cat Food",169
"cat food care","Classic Pate Country Style Dinner Cat Food",168
"cat food care","Tumblers for Cats Toss Roll & Treat Chicken & Turkey",168
"cat food care","Plus 3 In 1 With Baking Soda",167
"cat food care","Nutrish Chicken Purrcata Cat Food",167
"cat food care","Beyond Superfood Blend Natural Cat Food Herring Egg & Sweet Potato",165
"cat food care","Pull 'n Play Tender Strings - Chicken & Cheese Flavors Cat Treats",163
"cat food care","Prime Filets Seafood Favorites Variety Pack Cat Food",157
"cat food care","Kitten Pate with Gourmet Chicken Wet Cat Food",156
"cat food care","Friskies Savory Shreds Variety Pack Wet Cat Food",155
"cat food care","Tender Centers Tuna & Whitefish Flavors Dry Cat Food",155
"cat food care","Tasty Chicken Flavor Dental Cat Treats",154
"cat food care","Adult Urinary Tract Health Formula Dry Cat Food",153
"cat food care","All Natural Free Range Chicken Cat Treats",153
"cat food care","Classic Pate Chicken & Tuna Dinner Cat Food",152
"cat food care","Mewo Mix Irresistibles Soft Treat With Real White Meat Chicken",152
"cat food care","Seafood Favorites Variety Cat Food",150
"cat food care","Whisker Lickin's Chicken Flavor Cat Treats",147
"cat food care","Turkey and Salmon Cat Food",147
"cat food care","Sensitive Stomach with Chicken Cat Food",142
"cat food care","All Life Stages Ocean Fish Formula Cat Food",139
"cat food care","Smarty Kat Pet Toy Frisky Flyer",139
"cat food care","ProActive Health Adult Hairball Care Dry Cat Food",139
"cat food care","Beyond Natural Cat Food - White Meat Chicken and Whole Oat Meal Recipe",136
"cat food care","Salmon Formula Canned Cat Food",135
"cat food care","Tuna and Cheese Cheezy Middles Cat Treats",134
"cat food care","Surf' N Chick Recipe Cat Food",134
"cat food care","Turkey and Seafood Cat Food",134
"cat food care","Elegant Medley's Wild Salmon Tuscany",132
"cat food care","Purrin' Beef Recipe Cat food",131
"cat food care","Healthy Kitten Formula Dry Cat Food",130
"cat food care","Lint Roller Sheets",130
"cat food care","Premium Cuts Tuna Entree In Gravy Cat Food",127
"cat food care","Organic Cat Nip",127
"cat food care","Cat Litter, Scoopable, Extra Strength, Scented",124
"cat food care","Core Original Fish And Fowl Cat Food",122
"cat food care","Savory Shreds with Turkey & Giblets in Gravy Cat Food",122
"cat food care","Chicken & Tuna Dinner Wet Cat Food",121
"cat food care","Proactive Health Lively Senior Cat Food",120
"cat food care","Poultry And Seafood Wet Cat Food Variety Pack",120
"cat food care","Flaked Tuna",120
"cat food care","Original Dry Cat Food",117
"cat food care","WhiskasÂ® TemptationsÂ® Mix Ups Backyard CookoutÂ® Pet Treat",116
"cat food care","Gourmet Ocean Fish Kitten Food",113
"cat food care","Chicken Stew Dinner Canned Cat Food",111
"cat food care","Chicken, Turkey & Peas Organix Healthy Senior Cat Food",111
"cat food care","Party Mix Crunch Treasure Island Cat Treats",106
"cat food care","SauceSations Chicken & Turkey Dinner in Cheesy Sauce Cat Food",106
"cat food care","Cheese Dog Treats",104
"cat food care","Kat Kit Disposable Tray",103
"cat food care","Smartblend Healthy Metabolism Dry Cat Food",99
"cat food care","Chicken & Salmon Formula Cat Food",98
"cat food care","Chef's Favorite Food for Cats & Kittens",98
"cat food care","Purrfect Delicacies Wet Cat Food Flaked Oceanfish & Tuna Recipe",94
"cat food care","Organic Turkey Pate Cat Food",94
"cat food care","Triple Act Scent",93
"cat food care","Fancy Feast Elegant Medleys Shredded Fare Collection Cat Food",91
"cat food care","Proactive Health Food With Hairball Care, Cat Food",91
"cat food care","Purrfect Delicacies Wet Cat Food Roasted Chicken & Tuna EntrÃ©e",90
"cat food care","Healthy Naturals With Wholesome Chicken Adult Cat Food",90
"cat food care","Meaty Selections Chicken & Turkey Flavors Adult 1+ Yrs Dry Cat Food",87
"cat food care","Friskies Party Mix Cat Treat Puffs Barnyard Bonanza",87
"cat food care","ProActive Health Adult Weight Control Dry Cat Food",86
"cat food care","Multi-Cat Scented Scoopable Cat Litter",86
"cat food care","Odor Shield Scoopable Cat Litter Scented",85
"cat food care","Chicken & Salmon Recipe Cat Food",84
"cat food care","Tender Turkey Feast Kitten Cat Food",84
"cat food care","Appetizers for Cats Steamed Wild Alaskan Salmon",83
"cat food care","Scented Multi Cat Litter With Scoop",80
"cat food care","Wild Mackerel & Whitefish Cat Food",79
"cat food care","Purrfect Delights Tuna & Mackerel Wet Cat Food",79
"cat food care","Delights Classic Chicken And Cheddar Cheese Feast",77
"cat food care","Meaty Bits Gourmet Grill Cat Food",77
"cat food care","Variety Pack Cat Food",75
"cat food care","Turkey/Chicken/Chicken Liver Healthy Kitten Cat Food",75
"cat food care","ProActive Health Dry  Kitten Food",74
"cat food care","Fish, Chicken & Liver Dinner Cat Food",69
"cat food care","Original Cat Food",69
"cat food care","White Meat Chicken & Tuna Recipe Cat Food",66
"cat food care","Classic Pate Ocean Whitefish Dinner Cat Food",65
"cat food care","Tender Favorites with Real Chicken & Beef in Sauce Wet Cat Food",62
"cat food care","Organic Catnip",62
"cat food care","Natural Food For Adult Cats, Chicken, Duck & Shrimp Recipe",61
"cat food care","Flaked Tuna Supreme Cat Food",60
"cat food care","Whisker Lickin's Crunchy Tuna Flavor Cat Treats",58
"cat food care","Fish Flop Catnip Crinkle Toys",58
"cat food care","Healthy Naturals Dry Cat Chicken",56
"cat food care","Chicken & Beef Dinner Cat Food",56
"cat food care","Purrfect Grain Free Saucy Wild Tuna & Salmon Dinner Premium Cat Food",56
"cat food care","Natural Sensations Crunchy Chicken Cat Treats",56
"cat food care","High Protein Advanced Formula Cat Food",53
"cat food care","Grilled Whitefish & Cheddar Cheese Feast Cat Food",52
"cat food care","Gravy Sensations Surfin' & Turfin' Favorites Variety Pack Cat Food",51
"cat food care","Tidy Cats 4-in-1 Strength Cat Litter",50
"cat food care","Scooping/Clumping Litter Spoon",49
"cat food care","Urinary Tract Health Formula Dry Cat Food",48
"cat food care","Lively Senior with Chicken Cat Food",48
"cat food care","One SmartBlend Premium Cat Food Pairings Chicken & Salmon Recipe in Gravy",48
"cat food care","Cat Food, Premium, Organic Beef",48
"cat food care","Cat Litter Scented Super Clump",47
"cat food care","Savory Seafood Dinner Cat Food",47
"cat food care","Chicken Crab & Herring Cat Food",47
"cat food care","Smart Blend Chicken and Turkey Flavor Dry Cat Food",46
"cat food care","SmartBlend Pairings Chicken & Chicken Hearts Recipe in Gravy Cat Food",43
"cat food care","Gravy Favorites Variety Pack Cat Food",43
"cat food care","Hairball Control Dry Cat Food",42
"cat food care","Chicken & Lobster Cat Food",42
"cat food care","Cat Litter, Scoopable, Scented",41
"cat food care","Flutter Balls",41
"cat food care","Complete Health Kitten Dry Food",40
"cat food care","Organic Beef & Liver Premium Cat Food",39
"cat food care","Dry Cat Food",37
"cat food care","Friskies Party Mix Crunch California Dreamin' Cat Treats",35
"cat food care","Cat Food, Gourmet Gold Filet Mignon",35
"cat food care","Pull 'n Play Cat Treat Play Pack",30
"cat food care","Kitten Chow Nurture Kitten Food",29
"cat food care","Spot's Pate Cat Grain Free Ground Whitefish",28
"cat food care","Tumblers Savory Salmon & Tuna Flavors Cat Treats",28
"cat food care","Healthy Naturals Chicken Dry Cat Food",24
"cat food care","ProActive Health Sensitive Stomach with Chicken  Cat Food",19
"cat food care","Tender Favorites Chicken & Liver in Sauce Wet Cat Food",16
"cat food care","Adult Healthy Metabolism Cat Food",13
"cat food care","Cat Food, Premium Feast Dinner",13
"cat food care","Fresh Scent Clumping Cat Litter",11
"cat food care","Core Grain Free Original Formula Protein-Focused Nutrition Natural Food for Adult Cats",10
"cat food care","Tender Moments, Salmon Flavor Cat Treats",8
"cat food care","Chicken & Brown Rice Flaxseed Organix Healthy Adult Cat Food",8
